<DATE>;<TIME>;<OPEN>;<HIGH>;<LOW>;<CLOSE>;<VOL>
20170103;110000;56.8300000;57.1800000;56.8300000;57.0000000;53399
20170103;120000;57.0000000;57.4800000;56.9200000;57.4600000;148240
20170103;130000;57.4600000;58.3500000;57.4000000;58.1000000;218275
20170103;140000;58.1100000;58.1200000;57.9100000;58.0300000;84596
20170103;150000;58.0300000;58.2300000;58.0200000;58.0300000;59122
20170103;160000;58.0300000;58.1100000;57.9400000;58.0800000;31218
20170103;170000;58.0800000;58.1800000;57.7500000;57.8600000;70394
20170103;180000;57.8500000;58.2900000;57.8500000;58.0800000;107109
20170103;190000;58.0900000;58.2200000;57.7100000;57.7300000;77089
20170103;200000;57.7100000;57.7100000;55.7000000;55.9000000;526529
20170103;210000;55.8900000;56.0300000;55.3800000;55.5900000;269218
20170103;220000;55.5800000;55.8100000;55.4500000;55.6600000;108702
20170103;230000;55.6600000;55.8800000;55.2900000;55.4000000;89390
20170104;000000;55.4000000;55.6500000;55.3400000;55.6400000;32634
20170104;110000;55.6600000;55.8500000;55.5300000;55.7100000;76354
20170104;120000;55.7000000;56.1600000;55.6900000;55.9700000;127345
20170104;130000;55.9700000;56.0000000;55.7000000;55.8900000;86850
20170104;140000;55.8800000;55.9300000;55.5200000;55.5600000;82114
20170104;150000;55.5500000;55.8500000;55.4500000;55.8200000;88234
20170104;160000;55.8200000;55.9500000;55.7000000;55.7700000;53096
20170104;170000;55.7700000;55.9800000;55.5000000;55.6600000;112568
20170104;180000;55.6600000;55.7500000;55.3300000;55.4300000;121089
20170104;190000;55.4300000;55.6400000;55.4300000;55.5900000;53588
20170104;200000;55.6600000;56.3700000;55.6400000;56.2500000;152296
20170104;210000;56.2500000;56.4700000;56.0700000;56.4000000;86653
20170104;220000;56.4100000;56.4900000;56.3300000;56.4000000;44006
20170104;230000;56.4000000;56.5300000;56.2300000;56.3000000;59792
20170105;000000;56.2900000;56.3600000;56.2400000;56.2700000;12125
20170105;110000;56.2700000;56.4800000;56.2500000;56.3200000;41064
20170105;120000;56.3200000;56.4200000;56.1500000;56.3700000;64711
20170105;130000;56.3700000;56.4000000;56.1800000;56.2800000;30229
20170105;140000;56.2900000;56.5600000;56.2400000;56.5400000;44460
20170105;150000;56.5300000;57.0400000;56.4900000;57.0000000;67435
20170105;160000;57.0000000;57.0900000;56.8400000;56.9500000;44525
20170105;170000;56.9400000;56.9900000;56.7700000;56.9300000;41069
20170105;180000;56.9200000;57.1300000;56.7500000;57.0800000;62909
20170105;190000;57.0800000;57.3500000;56.9400000;57.0600000;69493
20170105;200000;57.0500000;57.0500000;55.9900000;56.3200000;278249
20170105;210000;56.3300000;56.7700000;56.2200000;56.7600000;87751
20170105;220000;56.7600000;56.9500000;56.6300000;56.7100000;87885
20170105;230000;56.6900000;57.0000000;56.6900000;56.8300000;58177
20170106;000000;56.8400000;56.8500000;56.7400000;56.8400000;12504
20170106;110000;56.7400000;56.8000000;56.6500000;56.6800000;29363
20170106;120000;56.6800000;57.0000000;56.5400000;56.9200000;78329
20170106;130000;56.9200000;57.1800000;56.8100000;57.1600000;70117
20170106;140000;57.1500000;57.4400000;57.0800000;57.4300000;75087
20170106;150000;57.4200000;57.4200000;57.1500000;57.3200000;48467
20170106;160000;57.3100000;57.3900000;57.1700000;57.2000000;34849
20170106;170000;57.2100000;57.3900000;57.1500000;57.2800000;68622
20170106;180000;57.2900000;57.3900000;56.5800000;56.8200000;183344
20170106;190000;56.8300000;56.9600000;56.5500000;56.6100000;60395
20170106;200000;56.6400000;57.2800000;56.2900000;57.2200000;170832
20170106;210000;57.2300000;57.2500000;57.0000000;57.0100000;49776
20170106;220000;57.0000000;57.0700000;56.8700000;56.9100000;44120
20170106;230000;56.9200000;57.1400000;56.8400000;56.9100000;61530
20170107;000000;56.9100000;56.9500000;56.7800000;56.8100000;32915
20170109;110000;56.8800000;56.8900000;56.6600000;56.7600000;52208
20170109;120000;56.7600000;56.9100000;56.6500000;56.7200000;75311
20170109;130000;56.7300000;56.7500000;56.1000000;56.2800000;145012
20170109;140000;56.2700000;56.3000000;56.0500000;56.2500000;71347
20170109;150000;56.2400000;56.2600000;56.0200000;56.0600000;39886
20170109;160000;56.0600000;56.1300000;55.8600000;55.9800000;75670
20170109;170000;55.9800000;56.0900000;55.8400000;55.9400000;73762
20170109;180000;55.9500000;56.0000000;55.6300000;55.7300000;134472
20170109;190000;55.7300000;55.8100000;55.5300000;55.6500000;85334
20170109;200000;55.6400000;55.6400000;55.3200000;55.3300000;144154
20170109;210000;55.3300000;55.5900000;55.2700000;55.4700000;99415
20170109;220000;55.4800000;55.5300000;55.2900000;55.4000000;39038
20170109;230000;55.4000000;55.4700000;54.8100000;54.8700000;107554
20170110;000000;54.8700000;54.9000000;54.7800000;54.8700000;42835
20170110;110000;54.8700000;55.1100000;54.8700000;55.0900000;70492
20170110;120000;55.0800000;55.3500000;54.8300000;55.0900000;174274
20170110;130000;55.1000000;55.2300000;54.9400000;55.2000000;84495
20170110;140000;55.2000000;55.3200000;55.1400000;55.3000000;67334
20170110;150000;55.3100000;55.3400000;55.0600000;55.0700000;50796
20170110;160000;55.0800000;55.1200000;54.9300000;55.1100000;113051
20170110;170000;55.1100000;55.2000000;54.8700000;55.0300000;98060
20170110;180000;55.0300000;55.2600000;54.8400000;54.9400000;157458
20170110;190000;54.9300000;55.0000000;54.4100000;54.4400000;206861
20170110;200000;54.4300000;54.4600000;53.9600000;54.1200000;298463
20170110;210000;54.1100000;54.3800000;54.0600000;54.2500000;113429
20170110;220000;54.2400000;54.2500000;53.8800000;53.9000000;152055
20170110;230000;53.9000000;53.9500000;53.6300000;53.6900000;142874
20170111;000000;53.6900000;53.7800000;53.6500000;53.6500000;43247
20170111;110000;53.6700000;53.9200000;53.6700000;53.9000000;84076
20170111;120000;53.9100000;53.9600000;53.7300000;53.8500000;95312
20170111;130000;53.8500000;54.2600000;53.8100000;54.1300000;141819
20170111;140000;54.1300000;54.2100000;54.0100000;54.0400000;100840
20170111;150000;54.0300000;54.1300000;53.9100000;53.9500000;70538
20170111;160000;53.9500000;53.9600000;53.7800000;53.8800000;78740
20170111;170000;53.8900000;54.1400000;53.8700000;54.0700000;91763
20170111;180000;54.0700000;54.4800000;54.0700000;54.2500000;158134
20170111;190000;54.2600000;54.8700000;53.7200000;54.6100000;314824
20170111;200000;54.6500000;55.2700000;54.6500000;55.0600000;354255
20170111;210000;55.0700000;55.5900000;55.0700000;55.5200000;216922
20170111;220000;55.5200000;55.6700000;55.3600000;55.4700000;129412
20170111;230000;55.4700000;55.5700000;55.0100000;55.1000000;134838
20170112;000000;55.1000000;55.1900000;55.0600000;55.1700000;23756
20170112;110000;55.1900000;55.4300000;55.1900000;55.3400000;69013
20170112;120000;55.3400000;55.6300000;55.1100000;55.5300000;116188
20170112;130000;55.5200000;55.5700000;55.3100000;55.5100000;82769
20170112;140000;55.5100000;55.7300000;55.4400000;55.6800000;104324
20170112;150000;55.6800000;55.9200000;55.5700000;55.7900000;83285
20170112;160000;55.7900000;55.9700000;55.7500000;55.9000000;90382
20170112;170000;55.9100000;56.2800000;55.8400000;56.0200000;177322
20170112;180000;56.0200000;56.4300000;56.0100000;56.0700000;309638
20170112;190000;56.0600000;56.2800000;55.7800000;56.1400000;260771
20170112;200000;56.1100000;56.2500000;55.7100000;56.1900000;236513
20170112;210000;56.2000000;56.2500000;55.9300000;56.0800000;99711
20170112;220000;56.0800000;56.1700000;55.9700000;56.1500000;55746
20170112;230000;56.1400000;56.1500000;55.8200000;56.1000000;96835
20170113;000000;56.1100000;56.1200000;56.0400000;56.0900000;17638
20170113;110000;56.0600000;56.1200000;55.8700000;55.9300000;74276
20170113;120000;55.9300000;56.1000000;55.7700000;56.0400000;137684
20170113;130000;56.0400000;56.0600000;55.8400000;55.8700000;51460
20170113;140000;55.8700000;55.8800000;55.2800000;55.3500000;176019
20170113;150000;55.3600000;55.5700000;55.3600000;55.4100000;67258
20170113;160000;55.4000000;55.6700000;55.3500000;55.6200000;86005
20170113;170000;55.6100000;55.8600000;55.5200000;55.8300000;172312
20170113;180000;55.8200000;56.0400000;55.5300000;55.9200000;146747
20170113;190000;55.9100000;56.0000000;55.5500000;55.6800000;102930
20170113;200000;55.6000000;55.7200000;55.3400000;55.7100000;125197
20170113;210000;55.7200000;55.8000000;55.6100000;55.6300000;56683
20170113;220000;55.6300000;55.7200000;55.4700000;55.5200000;43389
20170113;230000;55.5200000;55.5700000;55.3500000;55.5300000;50452
20170114;000000;55.5300000;55.6400000;55.5000000;55.6100000;30449
20170116;110000;55.6100000;55.6100000;55.3400000;55.3800000;75131
20170116;120000;55.3900000;55.4400000;55.1900000;55.3600000;134986
20170116;130000;55.3700000;55.7300000;55.3100000;55.7200000;71110
20170116;140000;55.7200000;55.8400000;55.5200000;55.5900000;91874
20170116;150000;55.5600000;55.5600000;55.2000000;55.2500000;82863
20170116;160000;55.2400000;55.4200000;55.2000000;55.3300000;54754
20170116;170000;55.3300000;55.4700000;55.2300000;55.3200000;49140
20170116;180000;55.3200000;55.5800000;55.2700000;55.4100000;58921
20170116;190000;55.4100000;55.4300000;55.3200000;55.3500000;24729
20170116;200000;55.4500000;55.5100000;55.3200000;55.3800000;43822
20170116;210000;55.3800000;55.9300000;55.3600000;55.8600000;54304
20170116;220000;55.8500000;55.8700000;55.6400000;55.6900000;28660
20170116;230000;55.7000000;55.7200000;55.6300000;55.6800000;8687
20170117;000000;55.6900000;55.6900000;55.6100000;55.6500000;6787
20170117;110000;55.6200000;55.8100000;55.5300000;55.7800000;75258
20170117;120000;55.7800000;55.9800000;55.7000000;55.7800000;99066
20170117;130000;55.7800000;56.5800000;55.7700000;56.5100000;186913
20170117;140000;56.5000000;56.7400000;56.4600000;56.5500000;137286
20170117;150000;56.5500000;56.6600000;56.3700000;56.4400000;147502
20170117;160000;56.4300000;56.6300000;56.2800000;56.5400000;171368
20170117;170000;56.5400000;56.6900000;56.4300000;56.6900000;75788
20170117;180000;56.6800000;56.9300000;56.3600000;56.3700000;229390
20170117;190000;56.3700000;56.5500000;55.7600000;55.7900000;188686
20170117;200000;55.7500000;55.9800000;55.6100000;55.9200000;147157
20170117;210000;55.9200000;56.1300000;55.8100000;56.0600000;66995
20170117;220000;56.0600000;56.1300000;55.9700000;56.1000000;43274
20170117;230000;56.1000000;56.1900000;55.4300000;55.4700000;146795
20170118;000000;55.4800000;55.5000000;55.4000000;55.4300000;23985
20170118;110000;55.4600000;55.7900000;55.4100000;55.7200000;70676
20170118;120000;55.7200000;55.8900000;55.5500000;55.6400000;115868
20170118;130000;55.6500000;55.7200000;54.9000000;55.0200000;259311
20170118;140000;55.0300000;55.0500000;54.5100000;54.7700000;209499
20170118;150000;54.7600000;54.9000000;54.7000000;54.8600000;67878
20170118;160000;54.8500000;54.8500000;54.5200000;54.6100000;95485
20170118;170000;54.6100000;54.7500000;54.2100000;54.2600000;179521
20170118;180000;54.2600000;54.5400000;54.1000000;54.4100000;270663
20170118;190000;54.4200000;54.5700000;54.3100000;54.3800000;70467
20170118;200000;54.4400000;55.2500000;54.3400000;55.0400000;275616
20170118;210000;55.0500000;55.1400000;54.1800000;54.2600000;193512
20170118;220000;54.2600000;54.3500000;54.0800000;54.2700000;147713
20170118;230000;54.2700000;54.2900000;53.7700000;54.0900000;175001
20170119;000000;54.0800000;54.2500000;54.0400000;54.1700000;42165
20170119;110000;54.2100000;54.5200000;54.2100000;54.4700000;94995
20170119;120000;54.4600000;54.7500000;54.3700000;54.4100000;194291
20170119;130000;54.4100000;54.6300000;54.0900000;54.1400000;181889
20170119;140000;54.1300000;54.4000000;54.1000000;54.3000000;90972
20170119;150000;54.3100000;54.4800000;54.2300000;54.3600000;63435
20170119;160000;54.3600000;54.6400000;54.3500000;54.5100000;93745
20170119;170000;54.5000000;54.5400000;54.2400000;54.4000000;85235
20170119;180000;54.3900000;54.6300000;54.2600000;54.5400000;113334
20170119;190000;54.5400000;54.7300000;54.3100000;54.5900000;98750
20170119;200000;54.4500000;54.4500000;54.0400000;54.2400000;165285
20170119;210000;54.2400000;54.3100000;53.9000000;54.1000000;101641
20170119;220000;54.0900000;54.3400000;53.9500000;54.3100000;64308
20170119;230000;54.3100000;54.4100000;53.9900000;54.1500000;102889
20170120;000000;54.1500000;54.2500000;54.1300000;54.2300000;23299
20170120;110000;54.2400000;54.4800000;54.1800000;54.4600000;48692
20170120;120000;54.4600000;54.6100000;54.3700000;54.4700000;88099
20170120;130000;54.4700000;54.8400000;54.3400000;54.7800000;119192
20170120;140000;54.7900000;54.9200000;54.6800000;54.8000000;80363
20170120;150000;54.7900000;54.8800000;54.6700000;54.7300000;69038
20170120;160000;54.7300000;55.0700000;54.6600000;54.9300000;104553
20170120;170000;54.9200000;55.3200000;54.8900000;55.3100000;136847
20170120;180000;55.3100000;55.5200000;55.2200000;55.4100000;223669
20170120;190000;55.4100000;55.8000000;55.3300000;55.7300000;157539
20170120;200000;55.7000000;55.8000000;55.4200000;55.4800000;130380
20170120;210000;55.4900000;55.5800000;55.3500000;55.5000000;77122
20170120;220000;55.5000000;55.5500000;55.2300000;55.4900000;96528
20170120;230000;55.4900000;55.5300000;55.3700000;55.4900000;66083
20170121;000000;55.5000000;55.5000000;55.3800000;55.4600000;35049
20170123;110000;55.4300000;55.5800000;55.3500000;55.5100000;72124
20170123;120000;55.5200000;55.5200000;55.1300000;55.3300000;150623
20170123;130000;55.3300000;55.4000000;55.1800000;55.1900000;66768
20170123;140000;55.1900000;55.2700000;54.7700000;54.8400000;132267
20170123;150000;54.8400000;55.1200000;54.6500000;55.0700000;101443
20170123;160000;55.0600000;55.0900000;54.8900000;54.9500000;66756
20170123;170000;54.9500000;55.0300000;54.7200000;54.8100000;84250
20170123;180000;54.8000000;55.1300000;54.6700000;54.9900000;176620
20170123;190000;55.0000000;55.1500000;54.8500000;54.9800000;116681
20170123;200000;54.9900000;55.4200000;54.9900000;55.1700000;175153
20170123;210000;55.1600000;55.2800000;55.0800000;55.2300000;79430
20170123;220000;55.2400000;55.5200000;55.2200000;55.4900000;129145
20170123;230000;55.4800000;55.5000000;55.1300000;55.3100000;77920
20170124;000000;55.3000000;55.3700000;55.2200000;55.3700000;18518
20170124;110000;55.3800000;55.7300000;55.3800000;55.5500000;91693
20170124;120000;55.5600000;55.8000000;55.4400000;55.5700000;119909
20170124;130000;55.5700000;55.7800000;55.5300000;55.7200000;72921
20170124;140000;55.7200000;55.8600000;55.4600000;55.4900000;113465
20170124;150000;55.4700000;55.4700000;55.0700000;55.2300000;141148
20170124;160000;55.2500000;55.4000000;55.1800000;55.3800000;61605
20170124;170000;55.3700000;55.6900000;55.3600000;55.6400000;135166
20170124;180000;55.6300000;55.7300000;55.4300000;55.6900000;138883
20170124;190000;55.6900000;55.7400000;55.4800000;55.5800000;82437
20170124;200000;55.6500000;55.7800000;55.5800000;55.7300000;111461
20170124;210000;55.7300000;55.7700000;55.5800000;55.6200000;62980
20170124;220000;55.6200000;55.6300000;55.3200000;55.4900000;91938
20170124;230000;55.4900000;55.6500000;55.3400000;55.3600000;91032
20170125;000000;55.3500000;55.3900000;55.2300000;55.3400000;30725
20170125;110000;55.3500000;55.3800000;55.1300000;55.1900000;71717
20170125;120000;55.1900000;55.2400000;54.9700000;55.0700000;111982
20170125;130000;55.0700000;55.3400000;55.0100000;55.1300000;100415
20170125;140000;55.1300000;55.1700000;54.7900000;54.8400000;89051
20170125;150000;54.8400000;54.9800000;54.8000000;54.9300000;70519
20170125;160000;54.9200000;55.0400000;54.8600000;54.9100000;44812
20170125;170000;54.9000000;55.1700000;54.7900000;55.0400000;137334
20170125;180000;55.0600000;55.1000000;54.8100000;55.0100000;151238
20170125;190000;55.0100000;55.5900000;54.7500000;55.5900000;247351
20170125;200000;55.5800000;55.6400000;55.2200000;55.4700000;222585
20170125;210000;55.4700000;55.5000000;55.2700000;55.3300000;78464
20170125;220000;55.3400000;55.4800000;55.2000000;55.2000000;58452
20170125;230000;55.2100000;55.2500000;54.9900000;55.1800000;86809
20170126;000000;55.1800000;55.2700000;55.1500000;55.2500000;31206
20170126;110000;55.2800000;55.5600000;55.2800000;55.4600000;78184
20170126;120000;55.4400000;55.6100000;55.3900000;55.4900000;118631
20170126;130000;55.4900000;55.6900000;55.3500000;55.4400000;119221
20170126;140000;55.4300000;55.4700000;55.2100000;55.3800000;105905
20170126;150000;55.3600000;55.4700000;55.2900000;55.3900000;50017
20170126;160000;55.3900000;55.6100000;55.3100000;55.5100000;57237
20170126;170000;55.5100000;55.6500000;55.4500000;55.5500000;83927
20170126;180000;55.5500000;56.4000000;55.4000000;56.2100000;368270
20170126;190000;56.2200000;56.5600000;56.2100000;56.3800000;135896
20170126;200000;56.3700000;56.4500000;56.1800000;56.4400000;77380
20170126;210000;56.4300000;56.4700000;56.2200000;56.3200000;39124
20170126;220000;56.3300000;56.3600000;56.1200000;56.2000000;59071
20170126;230000;56.2000000;56.4300000;56.1200000;56.2200000;84282
20170127;000000;56.2200000;56.3600000;56.1700000;56.2700000;19260
20170127;110000;56.2600000;56.4300000;56.1500000;56.4100000;50157
20170127;120000;56.4100000;56.4900000;55.9800000;56.1200000;138193
20170127;130000;56.1200000;56.1300000;55.8900000;55.9000000;131760
20170127;140000;55.9100000;55.9500000;55.5100000;55.6300000;153116
20170127;150000;55.6400000;55.8000000;55.5500000;55.7400000;91043
20170127;160000;55.7300000;55.7300000;55.5800000;55.6900000;56691
20170127;170000;55.6900000;55.9300000;55.6400000;55.8900000;112130
20170127;180000;55.8800000;55.8900000;55.2300000;55.5800000;263461
20170127;190000;55.5700000;55.6100000;55.3400000;55.5100000;112652
20170127;200000;55.4500000;55.6900000;54.8600000;55.0800000;216339
20170127;210000;55.0700000;55.1800000;55.0300000;55.1000000;53010
20170127;220000;55.1000000;55.2700000;55.0600000;55.2000000;39870
20170127;230000;55.1900000;55.5800000;55.1800000;55.4700000;93097
20170128;000000;55.4700000;55.5000000;55.3600000;55.4100000;21031
20170130;110000;55.3900000;55.3900000;55.1300000;55.2300000;41755
20170130;120000;55.2500000;55.4400000;55.1000000;55.2500000;79252
20170130;130000;55.2400000;55.4400000;55.1100000;55.4200000;49123
20170130;140000;55.4200000;55.6500000;55.2200000;55.5700000;61325
20170130;150000;55.5800000;55.6900000;55.4600000;55.5200000;35512
20170130;160000;55.5100000;55.6100000;55.4200000;55.4700000;40341
20170130;170000;55.4700000;55.5900000;55.3500000;55.3500000;69485
20170130;180000;55.3500000;55.3700000;54.9600000;55.1600000;139919
20170130;190000;55.1500000;55.3500000;55.0500000;55.1400000;65542
20170130;200000;55.1000000;55.4300000;55.0300000;55.3500000;68448
20170130;210000;55.3600000;55.3600000;55.1600000;55.2800000;37927
20170130;220000;55.2800000;55.4300000;55.2300000;55.4100000;28757
20170130;230000;55.4000000;55.4400000;55.1900000;55.2400000;44115
20170131;000000;55.2300000;55.2800000;55.1700000;55.2500000;8928
20170131;110000;55.3700000;55.3700000;55.1600000;55.2300000;43979
20170131;120000;55.2200000;55.2500000;54.9700000;55.1100000;84099
20170131;130000;55.1100000;55.2600000;54.9700000;55.2100000;56411
20170131;140000;55.2100000;55.3800000;55.1600000;55.2900000;61321
20170131;150000;55.3000000;55.4200000;55.1000000;55.3400000;73840
20170131;160000;55.3500000;55.5700000;55.2800000;55.5300000;82574
20170131;170000;55.5400000;55.9500000;55.4700000;55.8300000;131163
20170131;180000;55.8400000;56.1500000;55.8300000;55.9900000;162204
20170131;190000;55.9900000;56.4200000;55.8100000;56.3500000;113037
20170131;200000;56.2800000;56.4000000;56.1000000;56.2200000;79128
20170131;210000;56.2300000;56.3000000;56.1200000;56.2100000;37701
20170131;220000;56.2200000;56.2300000;55.7500000;55.7700000;70903
20170131;230000;55.7700000;55.7800000;55.3800000;55.5500000;156321
20170201;000000;55.5400000;55.6800000;55.5400000;55.6100000;24500
20170201;110000;55.5800000;55.6900000;55.4300000;55.5900000;66520
20170201;120000;55.5900000;55.6700000;55.3600000;55.6600000;109533
20170201;130000;55.6700000;55.8800000;55.5200000;55.7700000;133056
20170201;140000;55.7700000;55.7900000;55.6200000;55.7500000;71958
20170201;150000;55.7700000;56.0000000;55.7500000;55.9200000;101880
20170201;160000;55.9200000;56.0800000;55.9100000;56.0000000;65003
20170201;170000;56.0000000;56.2200000;55.9600000;56.2000000;91787
20170201;180000;56.2000000;56.2200000;55.9700000;56.0200000;135340
20170201;190000;56.0200000;56.1900000;55.7500000;56.1100000;243865
20170201;200000;56.1500000;56.7000000;55.8200000;55.9400000;430830
20170201;210000;55.9500000;56.0800000;55.8500000;55.9400000;106036
20170201;220000;55.9400000;56.5800000;55.8500000;56.4900000;161718
20170201;230000;56.4800000;56.8000000;56.3100000;56.6400000;244169
20170202;000000;56.6400000;56.6500000;56.4400000;56.5000000;60420
20170202;110000;56.5400000;56.7000000;56.5100000;56.6100000;55377
20170202;120000;56.6000000;56.9600000;56.6000000;56.7000000;192064
20170202;130000;56.7000000;57.0800000;56.7000000;57.0100000;153496
20170202;140000;57.0100000;57.4300000;57.0100000;57.2700000;200099
20170202;150000;57.2800000;57.3500000;57.1500000;57.2400000;74023
20170202;160000;57.2200000;57.3000000;57.0500000;57.1100000;71247
20170202;170000;57.1200000;57.2600000;56.8900000;57.0800000;133226
20170202;180000;57.0900000;57.2200000;56.7900000;56.9700000;142275
20170202;190000;56.9500000;56.9700000;56.3300000;56.5700000;220852
20170202;200000;56.5700000;57.0900000;56.5700000;56.9000000;162492
20170202;210000;56.9000000;56.9500000;56.6500000;56.6700000;82747
20170202;220000;56.6700000;56.9200000;56.6500000;56.8100000;93506
20170202;230000;56.8100000;56.9500000;56.4500000;56.5300000;125474
20170203;000000;56.5300000;56.6800000;56.5200000;56.6200000;26306
20170203;110000;56.6700000;57.0400000;56.6700000;57.0300000;73233
20170203;120000;57.0300000;57.1200000;56.8300000;56.9000000;128603
20170203;130000;56.9000000;56.9200000;56.6000000;56.7100000;116048
20170203;140000;56.7200000;56.9500000;56.6600000;56.8900000;82940
20170203;150000;56.8800000;56.9200000;56.7200000;56.8400000;58773
20170203;160000;56.8400000;56.8400000;56.6500000;56.7900000;56986
20170203;170000;56.7900000;56.9000000;56.6400000;56.7200000;102971
20170203;180000;56.7100000;56.7100000;56.3900000;56.6500000;145994
20170203;190000;56.6400000;57.2800000;56.6300000;57.1600000;230545
20170203;200000;57.1000000;57.2000000;56.7100000;56.7900000;113781
20170203;210000;56.8000000;56.9700000;56.7900000;56.8300000;46961
20170203;220000;56.8400000;56.9300000;56.6200000;56.6600000;74792
20170203;230000;56.6600000;56.8500000;56.6300000;56.7500000;57723
20170204;000000;56.7600000;56.8100000;56.7300000;56.8000000;20474
20170206;110000;56.8300000;57.1400000;56.8300000;56.9500000;66681
20170206;120000;56.9500000;56.9800000;56.7400000;56.8800000;95765
20170206;130000;56.8800000;56.9900000;56.6700000;56.7500000;70184
20170206;140000;56.7400000;56.8100000;56.5600000;56.7900000;70264
20170206;150000;56.7800000;56.9500000;56.7400000;56.8400000;43677
20170206;160000;56.8300000;56.9300000;56.7000000;56.7000000;45435
20170206;170000;56.7100000;56.7300000;56.4400000;56.4500000;102662
20170206;180000;56.4600000;56.7400000;56.4500000;56.5900000;99751
20170206;190000;56.5800000;56.6300000;56.0100000;56.0700000;164026
20170206;200000;56.1000000;56.3000000;55.9100000;55.9400000;130394
20170206;210000;55.9300000;56.1300000;55.9100000;55.9900000;79447
20170206;220000;55.9900000;56.0200000;55.6600000;55.7900000;136759
20170206;230000;55.8000000;55.8600000;55.6500000;55.8400000;89035
20170207;000000;55.8400000;55.8600000;55.8000000;55.8200000;9471
20170207;110000;55.8500000;55.8700000;55.5700000;55.6200000;55529
20170207;120000;55.6200000;55.8000000;55.5800000;55.7200000;99128
20170207;130000;55.7100000;55.7100000;55.3400000;55.4800000;121672
20170207;140000;55.4700000;55.6800000;55.4500000;55.5600000;58128
20170207;150000;55.5500000;55.6800000;55.4600000;55.6100000;39409
20170207;160000;55.6100000;55.6700000;55.3300000;55.3600000;81001
20170207;170000;55.3500000;55.4700000;55.2100000;55.3000000;106067
20170207;180000;55.2900000;55.3500000;54.7300000;54.9500000;274352
20170207;190000;54.9500000;55.1200000;54.8300000;55.0600000;104435
20170207;200000;55.1200000;55.2100000;54.8000000;54.8600000;179765
20170207;210000;54.8500000;55.0000000;54.7700000;54.8200000;68972
20170207;220000;54.8200000;54.9700000;54.7500000;54.8400000;63693
20170207;230000;54.8500000;55.1200000;54.7700000;55.1100000;103916
20170208;000000;55.1100000;55.1500000;55.0700000;55.1300000;20117
20170208;110000;55.1000000;55.1000000;54.6700000;54.7000000;123914
20170208;120000;54.7000000;54.8500000;54.6600000;54.8400000;83902
20170208;130000;54.8400000;54.9000000;54.5900000;54.6800000;93975
20170208;140000;54.6900000;54.7800000;54.5900000;54.7600000;77142
20170208;150000;54.7600000;54.9400000;54.7600000;54.8600000;109842
20170208;160000;54.8500000;54.8900000;54.7100000;54.7900000;80400
20170208;170000;54.8000000;54.9900000;54.6900000;54.7300000;125695
20170208;180000;54.7200000;55.0400000;54.6100000;54.7600000;165528
20170208;190000;54.7500000;55.1900000;54.5000000;55.1100000;376766
20170208;200000;55.2000000;55.6700000;55.2000000;55.3100000;324705
20170208;210000;55.3200000;55.4100000;55.1400000;55.2200000;90889
20170208;220000;55.2200000;55.3400000;55.1600000;55.1900000;57028
20170208;230000;55.1900000;55.2700000;55.0800000;55.1700000;76541
20170209;000000;55.1600000;55.2300000;55.1400000;55.1700000;17345
20170209;110000;55.1800000;55.6000000;55.1800000;55.5300000;74187
20170209;120000;55.5400000;55.6700000;55.4800000;55.5700000;96436
20170209;130000;55.5800000;55.8300000;55.5000000;55.7200000;117961
20170209;140000;55.7200000;55.9200000;55.6800000;55.7100000;135979
20170209;150000;55.7100000;55.7100000;55.6100000;55.6800000;62321
20170209;160000;55.6900000;55.6900000;55.4200000;55.5500000;105081
20170209;170000;55.5600000;55.7100000;55.4500000;55.5200000;119818
20170209;180000;55.5300000;55.8200000;55.5300000;55.5900000;142264
20170209;190000;55.5800000;55.7600000;55.4600000;55.5500000;79130
20170209;200000;55.5000000;55.5900000;55.3600000;55.4900000;91835
20170209;210000;55.4800000;55.6600000;55.4600000;55.5900000;59748
20170209;220000;55.5900000;55.7100000;55.5700000;55.6900000;57261
20170209;230000;55.6800000;55.7100000;55.5600000;55.6900000;44585
20170210;000000;55.6800000;55.6900000;55.6100000;55.6800000;13430
20170210;110000;55.6800000;55.8200000;55.6600000;55.6700000;52269
20170210;120000;55.6700000;55.7800000;55.5800000;55.6200000;84288
20170210;130000;55.6100000;56.3600000;55.6100000;56.2300000;301680
20170210;140000;56.2200000;56.3200000;56.2100000;56.2700000;57056
20170210;150000;56.2800000;56.2800000;56.1300000;56.2000000;48485
20170210;160000;56.1900000;56.7200000;56.1900000;56.6500000;179383
20170210;170000;56.6400000;56.7000000;56.5500000;56.6300000;79596
20170210;180000;56.6400000;56.7600000;56.4300000;56.4700000;158528
20170210;190000;56.4700000;56.7200000;56.3600000;56.6200000;107619
20170210;200000;56.6600000;56.8700000;56.6100000;56.7900000;148531
20170210;210000;56.7900000;56.8600000;56.6700000;56.7300000;62177
20170210;220000;56.7200000;56.7700000;56.6400000;56.7100000;35540
20170210;230000;56.7100000;56.8400000;56.6200000;56.6500000;51068
20170211;000000;56.6500000;56.7300000;56.6100000;56.7300000;14633
20170213;110000;56.6700000;56.7800000;56.5800000;56.7200000;55899
20170213;120000;56.7200000;56.7400000;56.2400000;56.2800000;177378
20170213;130000;56.2800000;56.3100000;56.0500000;56.2500000;150370
20170213;140000;56.2600000;56.4700000;56.2300000;56.4400000;70810
20170213;150000;56.4300000;56.4300000;56.2200000;56.2400000;60236
20170213;160000;56.2500000;56.5900000;56.2400000;56.2900000;186441
20170213;170000;56.2900000;56.3900000;56.0900000;56.1300000;128066
20170213;180000;56.1400000;56.1400000;55.6500000;55.8000000;295913
20170213;190000;55.7900000;55.8700000;55.6100000;55.7000000;129047
20170213;200000;55.6500000;55.6600000;55.4800000;55.5700000;118348
20170213;210000;55.5700000;55.6300000;55.4100000;55.5600000;74887
20170213;220000;55.5600000;55.6200000;55.4900000;55.5300000;39491
20170213;230000;55.5200000;55.6600000;55.4300000;55.6200000;82901
20170214;000000;55.6100000;55.6300000;55.5400000;55.6000000;23631
20170214;110000;55.6000000;55.6900000;55.5400000;55.6200000;48700
20170214;120000;55.6200000;55.9800000;55.5900000;55.9500000;170818
20170214;130000;55.9500000;56.2300000;55.9400000;56.0400000;167947
20170214;140000;56.0400000;56.1800000;56.0200000;56.1000000;62746
20170214;150000;56.1100000;56.1200000;55.9900000;56.1100000;48441
20170214;160000;56.1300000;56.2000000;56.0900000;56.1400000;35345
20170214;170000;56.1400000;56.2100000;55.8600000;56.2000000;97433
20170214;180000;56.2000000;56.4500000;56.1900000;56.2500000;161634
20170214;190000;56.2500000;56.3600000;56.1000000;56.1300000;116536
20170214;200000;56.1800000;56.3700000;55.8300000;55.8400000;160587
20170214;210000;55.8500000;56.0100000;55.7700000;56.0000000;79087
20170214;220000;56.0000000;56.1800000;55.9600000;56.1300000;50863
20170214;230000;56.1100000;56.1700000;55.9200000;55.9200000;54743
20170215;000000;55.9200000;55.9900000;55.8800000;55.9900000;23680
20170215;110000;55.9400000;55.9400000;55.6100000;55.8600000;103437
20170215;120000;55.8600000;55.9400000;55.6100000;55.7600000;131715
20170215;130000;55.7600000;55.7700000;55.6200000;55.7400000;61072
20170215;140000;55.7400000;55.8800000;55.6800000;55.7400000;62654
20170215;150000;55.7400000;55.8300000;55.6100000;55.6700000;51128
20170215;160000;55.6600000;55.7300000;55.6300000;55.6900000;50694
20170215;170000;55.6900000;55.8200000;55.5500000;55.7400000;96349
20170215;180000;55.7300000;55.9500000;55.6300000;55.8600000;102396
20170215;190000;55.8700000;55.9900000;55.5600000;55.7600000;198150
20170215;200000;55.8700000;56.1900000;55.6200000;55.7300000;183572
20170215;210000;55.7300000;55.9000000;55.7200000;55.7900000;49913
20170215;220000;55.7900000;55.8600000;55.7500000;55.8200000;35808
20170215;230000;55.8200000;55.9700000;55.6700000;55.7600000;77248
20170216;000000;55.7600000;55.7800000;55.7000000;55.7400000;14739
20170216;110000;55.7400000;55.7700000;55.6500000;55.7500000;36739
20170216;120000;55.7500000;55.9800000;55.7200000;55.8500000;92801
20170216;130000;55.8400000;55.9600000;55.8000000;55.8600000;72766
20170216;140000;55.8700000;55.8800000;55.7200000;55.8100000;55537
20170216;150000;55.8100000;56.2200000;55.7700000;56.1800000;183652
20170216;160000;56.1700000;56.1800000;56.0100000;56.0400000;45944
20170216;170000;56.0500000;56.1400000;55.9500000;55.9900000;93754
20170216;180000;56.0000000;56.2500000;55.9200000;55.9700000;130551
20170216;190000;55.9600000;55.9700000;55.1400000;55.3700000;329002
20170216;200000;55.3500000;55.4300000;55.1800000;55.3300000;119268
20170216;210000;55.3300000;55.8900000;55.2900000;55.8200000;151457
20170216;220000;55.8200000;55.8500000;55.6600000;55.7700000;99537
20170216;230000;55.7600000;55.8000000;55.5700000;55.7100000;84096
20170217;000000;55.7100000;55.7500000;55.6900000;55.7300000;24143
20170217;110000;55.7500000;55.8700000;55.7100000;55.7400000;68319
20170217;120000;55.7400000;55.8300000;55.4600000;55.5600000;118255
20170217;130000;55.5600000;55.6400000;55.4200000;55.6200000;106643
20170217;140000;55.6200000;55.6500000;55.1100000;55.1600000;138352
20170217;150000;55.1500000;55.3800000;55.1400000;55.3300000;148253
20170217;160000;55.3300000;55.4000000;55.2800000;55.3800000;49142
20170217;170000;55.3800000;55.4200000;55.2500000;55.3500000;59509
20170217;180000;55.3500000;55.4500000;55.2200000;55.3900000;109415
20170217;190000;55.3900000;55.6500000;55.3200000;55.3700000;116213
20170217;200000;55.4500000;55.5500000;55.3700000;55.5300000;82170
20170217;210000;55.5300000;55.6100000;55.5100000;55.5600000;54478
20170217;220000;55.5600000;55.7000000;55.5300000;55.5800000;61077
20170217;230000;55.5800000;55.8400000;55.5000000;55.7300000;125764
20170218;000000;55.7300000;55.8000000;55.6600000;55.8000000;25501
20170220;110000;55.8000000;56.1100000;55.8000000;55.9800000;73211
20170220;120000;55.9900000;56.1900000;55.9700000;56.0700000;68273
20170220;130000;56.0800000;56.4100000;56.0800000;56.4000000;100354
20170220;140000;56.4000000;56.4100000;56.1700000;56.2200000;60497
20170220;150000;56.2200000;56.2600000;56.1600000;56.2400000;47424
20170220;160000;56.2500000;56.2800000;56.1100000;56.1400000;33145
20170220;170000;56.1400000;56.2600000;56.1300000;56.2400000;34202
20170220;180000;56.2400000;56.3300000;56.0200000;56.1000000;76762
20170220;190000;56.1100000;56.2300000;56.1000000;56.2100000;34006
20170220;200000;56.1700000;56.2900000;56.1000000;56.1100000;32703
20170220;210000;56.1200000;56.1800000;56.0400000;56.1600000;25229
20170220;220000;56.1600000;56.1900000;56.1000000;56.1100000;17853
20170220;230000;56.1000000;56.1400000;56.0900000;56.1300000;8527
20170221;000000;56.1200000;56.1800000;56.1200000;56.1800000;9960
20170221;110000;56.1800000;56.4600000;56.1800000;56.4400000;87931
20170221;120000;56.4300000;56.6200000;56.4000000;56.5500000;115382
20170221;130000;56.5600000;56.7300000;56.5600000;56.6600000;86378
20170221;140000;56.6600000;57.0800000;56.6600000;57.0400000;163131
20170221;150000;57.0500000;57.2900000;56.9700000;57.0700000;146492
20170221;160000;57.0700000;57.1100000;56.9100000;57.0300000;62751
20170221;170000;57.0200000;57.1700000;56.9500000;57.1300000;58485
20170221;180000;57.1400000;57.2800000;56.9300000;56.9900000;114191
20170221;190000;56.9900000;57.0700000;56.5700000;56.6600000;113958
20170221;200000;56.7400000;57.1000000;56.7400000;57.0000000;119717
20170221;210000;57.0000000;57.0800000;56.8100000;56.8900000;68508
20170221;220000;56.8900000;56.9100000;56.7300000;56.8400000;54155
20170221;230000;56.8300000;56.8300000;56.5500000;56.6800000;89497
20170222;000000;56.6800000;56.7500000;56.6700000;56.7100000;20759
20170222;110000;56.7400000;56.9600000;56.7300000;56.7300000;60137
20170222;120000;56.7400000;56.7500000;56.4100000;56.5800000;105931
20170222;130000;56.5800000;56.6100000;56.1700000;56.2400000;149197
20170222;140000;56.2400000;56.3900000;56.2200000;56.3300000;60664
20170222;150000;56.3200000;56.5100000;56.3000000;56.4400000;74502
20170222;160000;56.4300000;56.4500000;56.2400000;56.2900000;48076
20170222;170000;56.2900000;56.3500000;56.0500000;56.0900000;108016
20170222;180000;56.0800000;56.1200000;55.8000000;55.8800000;213961
20170222;190000;55.8900000;56.0200000;55.8100000;55.8500000;88144
20170222;200000;55.8100000;55.8300000;55.6400000;55.7400000;90314
20170222;210000;55.7400000;55.9600000;55.7100000;55.9300000;58967
20170222;220000;55.9300000;55.9400000;55.8100000;55.8500000;31721
20170222;230000;55.8500000;55.9000000;55.6800000;55.7800000;54931
20170223;000000;55.7800000;55.8300000;55.7700000;55.7800000;14339
20170224;110000;55.8000000;56.5200000;55.8000000;56.3600000;57383
20170224;120000;56.3700000;56.3800000;56.1700000;56.2700000;84559
20170224;130000;56.2700000;56.2800000;56.0800000;56.2500000;62390
20170224;140000;56.2500000;56.3700000;56.1300000;56.2800000;66673
20170224;150000;56.2800000;56.2900000;56.1400000;56.1900000;45321
20170224;160000;56.1900000;56.2000000;56.0100000;56.0800000;64018
20170224;170000;56.0900000;56.1100000;55.8100000;55.8900000;67968
20170224;180000;55.8900000;56.1000000;55.7400000;56.0700000;94352
20170224;190000;56.0800000;56.2900000;56.0700000;56.1600000;75487
20170227;110000;56.2300000;56.5100000;56.1200000;56.5000000;25252
20170227;120000;56.5000000;56.8000000;56.5000000;56.6900000;49557
20170227;130000;56.7000000;56.7400000;56.5300000;56.6300000;40869
20170227;140000;56.6300000;56.7500000;56.4800000;56.5200000;57694
20170227;150000;56.5200000;56.5200000;56.3000000;56.4200000;61726
20170227;160000;56.4400000;56.5500000;56.4000000;56.4800000;22315
20170227;170000;56.4800000;56.6400000;56.4800000;56.5800000;58207
20170227;180000;56.5900000;56.6600000;56.4200000;56.4600000;69858
20170227;190000;56.4600000;56.4600000;56.0700000;56.2500000;116434
20170227;200000;56.2300000;56.3600000;56.1000000;56.2000000;66231
20170227;210000;56.1900000;56.2500000;56.1200000;56.1500000;24681
20170227;220000;56.1400000;56.1500000;56.0600000;56.0800000;35042
20170227;230000;56.0800000;56.1300000;55.9000000;55.9700000;42380
20170228;000000;55.9800000;56.0900000;55.9600000;56.0900000;11153
20170228;110000;56.5300000;56.5800000;56.3900000;56.4800000;37147
20170228;120000;56.4800000;56.5200000;56.2900000;56.4500000;66743
20170228;130000;56.4500000;56.4800000;56.2100000;56.2800000;37724
20170228;140000;56.2900000;56.3700000;56.2400000;56.3500000;24797
20170228;150000;56.3500000;56.3500000;56.2100000;56.2700000;46687
20170228;160000;56.2600000;56.3000000;56.2000000;56.2200000;25743
20170228;170000;56.2200000;56.2200000;55.8900000;55.9200000;97821
20170228;180000;55.9200000;56.1100000;55.7700000;55.9000000;114058
20170228;190000;55.9000000;56.0400000;55.8000000;55.8800000;62225
20170228;200000;55.8600000;55.8800000;55.6700000;55.7800000;72312
20170228;210000;55.7700000;55.8000000;55.6100000;55.7700000;38480
20170228;220000;55.7700000;56.4200000;55.7200000;56.4000000;107262
20170228;230000;56.4100000;56.5400000;56.1300000;56.4500000;89439
20170301;000000;56.4400000;56.5000000;56.4300000;56.4600000;19945
20170301;110000;56.5000000;56.5700000;56.2900000;56.3300000;79585
20170301;120000;56.3400000;56.5100000;56.3200000;56.4300000;81665
20170301;130000;56.4200000;56.9100000;56.4200000;56.8000000;201837
20170301;140000;56.8000000;56.8400000;56.7400000;56.7600000;55677
20170301;150000;56.7700000;56.7900000;56.6300000;56.7100000;38318
20170301;160000;56.7100000;56.7700000;56.6500000;56.7300000;35501
20170301;170000;56.7300000;56.7900000;56.6500000;56.7600000;48868
20170301;180000;56.7700000;56.9200000;56.7400000;56.8100000;107500
20170301;190000;56.8100000;57.0400000;56.6400000;56.7200000;170350
20170301;200000;56.6300000;56.7400000;56.4300000;56.4900000;204168
20170301;210000;56.5000000;56.5100000;56.2600000;56.3800000;89880
20170301;220000;56.3800000;56.5000000;56.3300000;56.4600000;67211
20170301;230000;56.4600000;56.5300000;56.3400000;56.3900000;45413
20170302;000000;56.3900000;56.4300000;56.3000000;56.3200000;19509
20170302;110000;56.3200000;56.3700000;56.0900000;56.3400000;86600
20170302;120000;56.3400000;56.4400000;56.1500000;56.3600000;97010
20170302;130000;56.3500000;56.3800000;55.9200000;56.0000000;159135
20170302;140000;55.9900000;56.0100000;55.8200000;55.8900000;96352
20170302;150000;55.8800000;55.9700000;55.8200000;55.9200000;70078
20170302;160000;55.9200000;55.9800000;55.7700000;55.7800000;63054
20170302;170000;55.7800000;55.7800000;55.4300000;55.5400000;217309
20170302;180000;55.5300000;55.7500000;55.3000000;55.6300000;238395
20170302;190000;55.6300000;55.6400000;55.3600000;55.4200000;78802
20170302;200000;55.4700000;55.7200000;55.3800000;55.4000000;111467
20170302;210000;55.4000000;55.4200000;55.2000000;55.3400000;97654
20170302;220000;55.3400000;55.3600000;55.1400000;55.1800000;54796
20170302;230000;55.1700000;55.2000000;55.0400000;55.1000000;84176
20170303;000000;55.1000000;55.1800000;55.0800000;55.1300000;17509
20170303;110000;55.1700000;55.3300000;55.1700000;55.2900000;73891
20170303;120000;55.2900000;55.4900000;55.2100000;55.3600000;116443
20170303;130000;55.3500000;55.3600000;55.1100000;55.1300000;86058
20170303;140000;55.1400000;55.3500000;55.1200000;55.3200000;50688
20170303;150000;55.3100000;55.3800000;55.2000000;55.2600000;46092
20170303;160000;55.2500000;55.3100000;55.0800000;55.1400000;58847
20170303;170000;55.1300000;55.4200000;55.1300000;55.2400000;80126
20170303;180000;55.2400000;55.5400000;55.1700000;55.4800000;133917
20170303;190000;55.4800000;55.5400000;55.3100000;55.5000000;74811
20170303;200000;55.5500000;55.7900000;55.5500000;55.6000000;100040
20170303;210000;55.6100000;55.6600000;55.5000000;55.6300000;50118
20170303;220000;55.6400000;55.7300000;55.5100000;55.6500000;54167
20170303;230000;55.6600000;55.9400000;55.6300000;55.8300000;128411
20170304;000000;55.8200000;55.8600000;55.7100000;55.7100000;23491
20170306;110000;55.7100000;55.7100000;55.4100000;55.4700000;82166
20170306;120000;55.4800000;55.5300000;55.3200000;55.5000000;94299
20170306;130000;55.5000000;55.7800000;55.3900000;55.6700000;99921
20170306;140000;55.6600000;55.6700000;55.5000000;55.6200000;52733
20170306;150000;55.6100000;55.6100000;55.4300000;55.4900000;58524
20170306;160000;55.4900000;55.6800000;55.4300000;55.6400000;53166
20170306;170000;55.6400000;55.8900000;55.5300000;55.7700000;135851
20170306;180000;55.7700000;56.0800000;55.7100000;55.9100000;162138
20170306;190000;55.9100000;56.2400000;55.8000000;56.0700000;142422
20170306;200000;56.0500000;56.0500000;55.7400000;55.8000000;79567
20170306;210000;55.8100000;55.9200000;55.7900000;55.8400000;55952
20170306;220000;55.8300000;56.0000000;55.7800000;55.9100000;51455
20170306;230000;55.9200000;56.0700000;55.8300000;56.0300000;51287
20170307;000000;56.0300000;56.0500000;55.9700000;56.0200000;13959
20170307;110000;55.9800000;55.9800000;55.7600000;55.8700000;51776
20170307;120000;55.8600000;56.1200000;55.8100000;56.0300000;98533
20170307;130000;56.0200000;56.2200000;56.0000000;56.0400000;88090
20170307;140000;56.0400000;56.1500000;55.9200000;56.1000000;57353
20170307;150000;56.1100000;56.2400000;56.0700000;56.1500000;46240
20170307;160000;56.1500000;56.3100000;56.0900000;56.2700000;62538
20170307;170000;56.2700000;56.5000000;56.2200000;56.4400000;122550
20170307;180000;56.4400000;56.6400000;56.3300000;56.4100000;167832
20170307;190000;56.4000000;56.4900000;56.0200000;56.0400000;149307
20170307;200000;56.1000000;56.2300000;55.9500000;56.0600000;115572
20170307;210000;56.0600000;56.0800000;55.9600000;56.0100000;44621
20170307;220000;56.0100000;56.0700000;55.8300000;55.9500000;50931
20170307;230000;55.9500000;56.1400000;55.8600000;55.9100000;83598
20170308;000000;55.9100000;55.9400000;55.8800000;55.9000000;15868
20170309;110000;55.8800000;55.8800000;53.3100000;53.5800000;248068
20170309;120000;53.5800000;53.8700000;53.5400000;53.7600000;443943
20170309;130000;53.7500000;53.7500000;53.1100000;53.3500000;297893
20170309;140000;53.3400000;53.3700000;51.6100000;51.7700000;347026
20170309;150000;51.7700000;52.5300000;51.6200000;52.2800000;319185
20170309;160000;52.2800000;52.2900000;51.8200000;51.9000000;210409
20170309;170000;51.9000000;52.6300000;51.8800000;52.4700000;259217
20170309;180000;52.4800000;53.0400000;52.3600000;52.5600000;363032
20170309;190000;52.5500000;52.6600000;52.1000000;52.1600000;158019
20170309;200000;52.1300000;52.1300000;51.8000000;51.9400000;128934
20170309;210000;51.9400000;51.9700000;51.5400000;51.6900000;131960
20170309;220000;51.6900000;52.1300000;51.6500000;51.6900000;145551
20170309;230000;51.7000000;52.2700000;51.5000000;52.1100000;200316
20170310;000000;52.1000000;52.6400000;52.1000000;52.6200000;95373
20170310;110000;52.6000000;52.6000000;52.1600000;52.3100000;115926
20170310;120000;52.3100000;52.6000000;52.2000000;52.4900000;147667
20170310;130000;52.4800000;52.6600000;52.3200000;52.5900000;114329
20170310;140000;52.5700000;52.6000000;52.1800000;52.4100000;112108
20170310;150000;52.4100000;52.5700000;52.3900000;52.4400000;70913
20170310;160000;52.4500000;52.5600000;52.4000000;52.5400000;55777
20170310;170000;52.5200000;53.0200000;52.3200000;52.7900000;277030
20170310;180000;52.7800000;52.7800000;51.9900000;52.2400000;250661
20170310;190000;52.2400000;52.2700000;51.6700000;51.7200000;198205
20170310;200000;51.6700000;51.9900000;51.5700000;51.7700000;202363
20170310;210000;51.7800000;51.8100000;51.1400000;51.3000000;168280
20170310;220000;51.2800000;51.7500000;51.2400000;51.5700000;145166
20170310;230000;51.5800000;51.7800000;51.1900000;51.2500000;155829
20170311;000000;51.2600000;51.4300000;51.2400000;51.3100000;38496
20170313;110000;51.3100000;51.3800000;51.0600000;51.2700000;111631
20170313;120000;51.2700000;51.4900000;51.1400000;51.3200000;132504
20170313;130000;51.3300000;51.5200000;51.2500000;51.3500000;88918
20170313;140000;51.3500000;51.4400000;50.9100000;51.0500000;182242
20170313;150000;51.0600000;51.4100000;51.0400000;51.3200000;113853
20170313;160000;51.3100000;51.3800000;51.1200000;51.3700000;63347
20170313;170000;51.3500000;51.6900000;51.2000000;51.3700000;188614
20170313;180000;51.3700000;51.5900000;51.1100000;51.3800000;150809
20170313;190000;51.3700000;51.5200000;51.2300000;51.2900000;64973
20170313;200000;51.2400000;51.5900000;51.1900000;51.4800000;72480
20170313;210000;51.4900000;51.5100000;51.2400000;51.3100000;46063
20170313;220000;51.3200000;51.4800000;51.1400000;51.3400000;80224
20170313;230000;51.3500000;51.5100000;51.3200000;51.3600000;29702
20170314;000000;51.3700000;51.4300000;51.2700000;51.4300000;14727
20170314;110000;51.4000000;51.4100000;51.2100000;51.3500000;104467
20170314;120000;51.3500000;51.6000000;51.2600000;51.5000000;161264
20170314;130000;51.4900000;51.6500000;51.3900000;51.5600000;123272
20170314;140000;51.5600000;51.8400000;51.5300000;51.7900000;102074
20170314;150000;51.7900000;51.8000000;51.0900000;51.1900000;269230
20170314;160000;51.1900000;51.1900000;50.5900000;50.7200000;358231
20170314;170000;50.7300000;50.8200000;50.3300000;50.3900000;246513
20170314;180000;50.4000000;50.6900000;50.3600000;50.4700000;155450
20170314;190000;50.4600000;51.1500000;50.2600000;50.8200000;424189
20170314;200000;50.7600000;50.7600000;50.3500000;50.4500000;160571
20170314;210000;50.4500000;50.8700000;50.3800000;50.7900000;144989
20170314;220000;50.7800000;51.0300000;50.6700000;50.9200000;96147
20170314;230000;50.9200000;51.1900000;50.9000000;51.1200000;54347
20170315;000000;51.1200000;51.6800000;51.0700000;51.5600000;76925
20170315;110000;51.5700000;51.7300000;51.4800000;51.6500000;104424
20170315;120000;51.6300000;51.7500000;51.5200000;51.5500000;106233
20170315;130000;51.5500000;51.8000000;51.4800000;51.6800000;94816
20170315;140000;51.6800000;51.8500000;51.6200000;51.8300000;75174
20170315;150000;51.8300000;51.9300000;51.7200000;51.8800000;81943
20170315;160000;51.8700000;51.9800000;51.6500000;51.6700000;91047
20170315;170000;51.6700000;51.7100000;51.4900000;51.5800000;104827
20170315;180000;51.5800000;52.0800000;51.3600000;51.8600000;411589
20170315;190000;51.8600000;51.9500000;51.5600000;51.6400000;149738
20170315;200000;51.7100000;51.7600000;51.5200000;51.6300000;62154
20170315;210000;51.6300000;51.6600000;51.3800000;51.4000000;64012
20170315;220000;51.4100000;52.0100000;51.4100000;51.8600000;259723
20170315;230000;51.8600000;51.9700000;51.7600000;51.8900000;106935
20170316;000000;51.8900000;52.0300000;51.8500000;51.9700000;33304
20170316;110000;52.0000000;52.6500000;52.0000000;52.4700000;179351
20170316;120000;52.4700000;52.5400000;52.3100000;52.3200000;100442
20170316;130000;52.3200000;52.4000000;52.2000000;52.3500000;105599
20170316;140000;52.3600000;52.4900000;52.1100000;52.2100000;94594
20170316;150000;52.2200000;52.3400000;52.1500000;52.2700000;64742
20170316;160000;52.2700000;52.3600000;52.0200000;52.0800000;97070
20170316;170000;52.0800000;52.0900000;51.6200000;51.7400000;205510
20170316;180000;51.7400000;52.0100000;51.6200000;51.8500000;148820
20170316;190000;51.8700000;51.8700000;51.6400000;51.8300000;78345
20170316;200000;51.6800000;51.7700000;51.5100000;51.7400000;103003
20170316;210000;51.7300000;51.9700000;51.5700000;51.7600000;92650
20170316;220000;51.7600000;51.9000000;51.6600000;51.7000000;69340
20170316;230000;51.7000000;51.8400000;51.6900000;51.7800000;23417
20170317;000000;51.7900000;51.8000000;51.7200000;51.7400000;12625
20170317;110000;51.7400000;51.7600000;51.5500000;51.6000000;102786
20170317;120000;51.5900000;51.8200000;51.5400000;51.6900000;51802
20170317;130000;51.6800000;51.9700000;51.6400000;51.9600000;63690
20170317;140000;51.9600000;52.0800000;51.8500000;52.0700000;64256
20170317;150000;52.0500000;52.0600000;51.9000000;51.9400000;39116
20170317;160000;51.9400000;52.0400000;51.8500000;51.9800000;38577
20170317;170000;51.9800000;52.1800000;51.9400000;51.9900000;113480
20170317;180000;51.9900000;52.0000000;51.7000000;51.7800000;88882
20170317;190000;51.7900000;51.8200000;51.6100000;51.6800000;49888
20170317;200000;51.6900000;51.8000000;51.6800000;51.7500000;44021
20170317;210000;51.7500000;51.8100000;51.6800000;51.7400000;28393
20170317;220000;51.7300000;51.8700000;51.7000000;51.7600000;33417
20170317;230000;51.7800000;51.8300000;51.7400000;51.7500000;11494
20170318;000000;51.7400000;51.7700000;51.7000000;51.7500000;8670
20170320;110000;51.7200000;51.7200000;51.3800000;51.4200000;78807
20170320;120000;51.4300000;51.6600000;51.4100000;51.4700000;66858
20170320;130000;51.4500000;51.5100000;51.0400000;51.0700000;155387
20170320;140000;51.0700000;51.2900000;51.0500000;51.2400000;65566
20170320;150000;51.2400000;51.3700000;51.2400000;51.2600000;46099
20170320;160000;51.2700000;51.3000000;51.0000000;51.0700000;121887
20170320;170000;51.0600000;51.4600000;51.0500000;51.3000000;89618
20170320;180000;51.2900000;51.9500000;51.2900000;51.7400000;208173
20170320;190000;51.7400000;51.8500000;51.4000000;51.5400000;121291
20170320;200000;51.5900000;51.8900000;51.5900000;51.6700000;109986
20170320;210000;51.6800000;51.8400000;51.6400000;51.7300000;43662
20170320;220000;51.7400000;51.8300000;51.5400000;51.6600000;51433
20170320;230000;51.6600000;51.7400000;51.6500000;51.6700000;14223
20170321;000000;51.6800000;51.6800000;51.6100000;51.6600000;8784
20170321;110000;51.6800000;52.0700000;51.6800000;52.0000000;91822
20170321;120000;52.0000000;52.2100000;51.9000000;52.1000000;140576
20170321;130000;52.1000000;52.1200000;51.9500000;52.0200000;81384
20170321;140000;52.0200000;52.1000000;51.9400000;51.9800000;50088
20170321;150000;51.9800000;52.1000000;51.9600000;52.0100000;40666
20170321;160000;52.0200000;52.0600000;51.7000000;51.7000000;109471
20170321;170000;51.7000000;51.9300000;51.5900000;51.7200000;128938
20170321;180000;51.7200000;51.9500000;51.3900000;51.5100000;221622
20170321;190000;51.5000000;51.5100000;51.0700000;51.1500000;208925
20170321;200000;51.1900000;51.3600000;51.0600000;51.1100000;117298
20170321;210000;51.1100000;51.1500000;50.8100000;50.8600000;182044
20170321;220000;50.8600000;51.0800000;50.7300000;51.0600000;127025
20170321;230000;51.0400000;51.1300000;50.9000000;50.9400000;51803
20170322;000000;50.9300000;51.1600000;50.8300000;50.9300000;52036
20170322;110000;50.9000000;50.9000000;50.6200000;50.6400000;158531
20170322;120000;50.6500000;50.7900000;50.4400000;50.5200000;223151
20170322;130000;50.5200000;50.6300000;50.0400000;50.2700000;299922
20170322;140000;50.2700000;50.2700000;50.0800000;50.2200000;114047
20170322;150000;50.2200000;50.3900000;50.1700000;50.2600000;67511
20170322;160000;50.2500000;50.3300000;50.1400000;50.2800000;61573
20170322;170000;50.2800000;50.4800000;50.2100000;50.2700000;131841
20170322;180000;50.2800000;50.3800000;49.7000000;50.1300000;389833
20170322;190000;50.1300000;50.5500000;50.1000000;50.5300000;177634
20170322;200000;50.4100000;50.5000000;50.1700000;50.4700000;110285
20170322;210000;50.4800000;50.9700000;50.4000000;50.7800000;199880
20170322;220000;50.7900000;50.8000000;50.5500000;50.7000000;87728
20170322;230000;50.6900000;50.7500000;50.6500000;50.7300000;13307
20170323;000000;50.7300000;50.7500000;50.6800000;50.7300000;8959
20170323;110000;50.7400000;50.9700000;50.7400000;50.8600000;60530
20170323;120000;50.8700000;50.8900000;50.7200000;50.7500000;57044
20170323;130000;50.7500000;51.1000000;50.6800000;51.0300000;73429
20170323;140000;51.0300000;51.0300000;50.8300000;50.9600000;49198
20170323;150000;50.9500000;51.0500000;50.7900000;50.8100000;38317
20170323;160000;50.8100000;50.8700000;50.4900000;50.5200000;107758
20170323;170000;50.5100000;50.6100000;50.3200000;50.4100000;136811
20170323;180000;50.4000000;50.5300000;50.2500000;50.4800000;135713
20170323;190000;50.4900000;50.6200000;50.3500000;50.5900000;91316
20170323;200000;50.6300000;50.7900000;50.5600000;50.6900000;102980
20170323;210000;50.6900000;50.7000000;50.5200000;50.6400000;44722
20170323;220000;50.6500000;50.6500000;50.5200000;50.6300000;28111
20170323;230000;50.6200000;50.6300000;50.5300000;50.5400000;8750
20170324;000000;50.5500000;50.5800000;50.5100000;50.5400000;8538
20170324;110000;50.5800000;50.8200000;50.5700000;50.7000000;64072
20170324;120000;50.6900000;50.7400000;50.5600000;50.6800000;66614
20170324;130000;50.6800000;50.9700000;50.6100000;50.9700000;132372
20170324;140000;50.9700000;50.9700000;50.7400000;50.7800000;65199
20170324;150000;50.7800000;50.8700000;50.7100000;50.7900000;38574
20170324;160000;50.7900000;50.9100000;50.6400000;50.7200000;64904
20170324;170000;50.7200000;50.8000000;50.6000000;50.6700000;65899
20170324;180000;50.6800000;50.6900000;50.4000000;50.6100000;74896
20170324;190000;50.6200000;50.6900000;50.4900000;50.6500000;49780
20170324;200000;50.6400000;50.7100000;50.4800000;50.6000000;60198
20170324;210000;50.6000000;50.7700000;50.5000000;50.7500000;49111
20170324;220000;50.7600000;50.9000000;50.7200000;50.8700000;86242
20170324;230000;50.8700000;50.9300000;50.8300000;50.9200000;27064
20170325;000000;50.9300000;51.0600000;50.9200000;51.0300000;39570
20170327;110000;51.0100000;51.0100000;50.3400000;50.5300000;118333
20170327;120000;50.5300000;50.6700000;50.4000000;50.6100000;92165
20170327;130000;50.6200000;50.6700000;50.4700000;50.5300000;43767
20170327;140000;50.5300000;50.5800000;50.4300000;50.5700000;32014
20170327;150000;50.5600000;50.6400000;50.4900000;50.5500000;32276
20170327;160000;50.5500000;50.5900000;50.3500000;50.4400000;66461
20170327;170000;50.4300000;50.4300000;50.0400000;50.2600000;216347
20170327;180000;50.2600000;50.4500000;50.0500000;50.4100000;108959
20170327;190000;50.4100000;50.8500000;50.3900000;50.7600000;139986
20170327;200000;50.7500000;50.8400000;50.5600000;50.7200000;46459
20170327;210000;50.7200000;50.7800000;50.5900000;50.6400000;27831
20170327;220000;50.6500000;50.7800000;50.5300000;50.7600000;57758
20170327;230000;50.7500000;50.8400000;50.7500000;50.7900000;18573
20170328;000000;50.8000000;50.8000000;50.7300000;50.7900000;23967
